{
  "QB": {
    "lr_auc": 0.7495169082125603,
    "xgb_auc": 0.8009661835748793
  },
  "WR": {
    "lr_auc": 0.7824444444444444,
    "xgb_auc": 0.7668830409356726
  },
  "RB": {
    "lr_auc": 0.7175150829562594,
    "xgb_auc": 0.7249622926093514
  }
}